<appaction uniquename="adcb__Reject!5e26bfcb005f4cb5830e01a3e6323bbd!adcb_ADCBApp!adcb_informationupdate!0">
  <appmoduleid>
    <uniquename>adcb_ADCBApp</uniquename>
  </appmoduleid>
  <buttonlabeltext default="Reject">
    <label description="Reject" languagecode="1033" />
  </buttonlabeltext>
  <buttontooltipdescription default="Reject button will update the record as Cancelled and after this you may not able to undo ">
    <label description="Reject button will update the record as Cancelled and after this you may not able to undo " languagecode="1033" />
  </buttontooltipdescription>
  <buttontooltiptitle default="Reject">
    <label description="Reject" languagecode="1033" />
  </buttontooltiptitle>
  <context>1</context>
  <contextentity>
    <logicalname>adcb_informationupdate</logicalname>
  </contextentity>
  <contextvalue>adcb_informationupdate</contextvalue>
  <fonticon>Close</fonticon>
  <hidden>0</hidden>
  <iscustomizable>1</iscustomizable>
  <isdisabled>0</isdisabled>
  <isgrouptitlehidden>0</isgrouptitlehidden>
  <location>0</location>
  <name>Reject!5e26bfcb005f4cb5830e01a3e6323bbd</name>
  <onclickeventjavascriptfunctionname>rejectRecordWithConfirmation</onclickeventjavascriptfunctionname>
  <onclickeventjavascriptparameters>[{"type":5}]</onclickeventjavascriptparameters>
  <onclickeventjavascriptwebresourceid>
    <webresourceid>b577b496-b925-f011-8c4d-000d3af2afe6</webresourceid>
  </onclickeventjavascriptwebresourceid>
  <onclickeventtype>2</onclickeventtype>
  <origin>0</origin>
  <sequence>100100025.0000000000</sequence>
  <statecode>0</statecode>
  <statuscode>1</statuscode>
  <type>0</type>
  <visibilitytype>0</visibilitytype>
</appaction>