{
  "properties": {
    "connectionReferences": {
      "shared_commondataserviceforapps": {
        "api": {
          "name": "shared_commondataserviceforapps"
        },
        "connection": {
          "connectionReferenceLogicalName": "adcb_sharedcommondataserviceforapps_a4d0f"
        },
        "runtimeSource": "embedded"
      }
    },
    "definition": {
      "$schema": "https://schema.management.azure.com/providers/Microsoft.Logic/schemas/2016-06-01/workflowdefinition.json#",
      "contentVersion": "1.0.0.0",
      "parameters": {
        "$authentication": {
          "defaultValue": {},
          "type": "SecureObject"
        },
        "$connections": {
          "defaultValue": {},
          "type": "Object"
        }
      },
      "triggers": {
        "manual": {
          "type": "Request",
          "kind": "Http",
          "inputs": {
            "triggerAuthenticationType": "Tenant",
            "schema": {
              "type": "object",
              "properties": {
                "requestname": {
                  "type": "string"
                },
                "requestemail": {
                  "type": "string"
                }
              }
            }
          },
          "metadata": {
            "operationMetadataId": "d48fd698-408a-4e44-ac7d-58afcfd62ea6"
          }
        }
      },
      "actions": {
        "Add_a_new_row": {
          "type": "OpenApiConnection",
          "inputs": {
            "parameters": {
              "entityName": "contacts",
              "item/lastname": "@triggerBody()?['requestname']",
              "item/emailaddress1": "@triggerBody()?['requestemail']"
            },
            "host": {
              "apiId": "/providers/Microsoft.PowerApps/apis/shared_commondataserviceforapps",
              "operationId": "CreateRecord",
              "connectionName": "shared_commondataserviceforapps"
            }
          },
          "runAfter": {},
          "metadata": {
            "operationMetadataId": "8b1eeee4-1bbf-41bc-a6ee-6d71695875cd"
          }
        },
        "Response": {
          "type": "Response",
          "kind": "Http",
          "inputs": {
            "statusCode": 200,
            "headers": {
              "content-type": "application/json"
            },
            "body": {
              "status": "Flow is executed successfully from the Dev Machine V2 - Updated"
            }
          },
          "runAfter": {
            "Add_a_new_row": [
              "Succeeded"
            ]
          },
          "metadata": {
            "operationMetadataId": "8f0dd59d-1f9b-408a-9793-bbcdba782a3b"
          }
        }
      }
    },
    "templateName": null
  },
  "schemaVersion": "1.0.0.0"
}